Metric,VectorRAG,GraphRAG,HybridRAG
Faithfulness,0.7638888888888888,0.3441077441077441,0.8333333333333334
Answer Relevancy,,,
Context Precision,0.8765432098238681,0.04671717171339226,0.8243406284597476
Context Recall,1.0,0.5308641975308642,0.9876543209876544
